"LHD Name","LGA Name","Year","Rate","Lower CI","Upper CI","Women Population","Women Screened"
Central Coast LHD,Central Coast LHD,2014-2015,49.1,48.7,49.6,51698,25400
Central Coast LHD,Central Coast LHD,2013-2014,48.6,48.1,49.0,50781,24660
Central Coast LHD,Central Coast LHD,2016-2017,52.7,52.3,53.2,53295,28104
Central Coast LHD,Central Coast LHD,2011-2012,44.5,44.0,44.9,48184,21418
Central Coast LHD,Central Coast LHD,2012-2013,45.4,44.9,45.8,49471,22438
Central Coast LHD,Central Coast LHD,2015-2016,49.6,49.1,50.0,52409,25976
Central Coast LHD,Gosford,2015-2016,49.7,49.1,50.3,27521,13678
Central Coast LHD,Gosford,2012-2013,44.7,44.1,45.3,26072,11649
Central Coast LHD,Gosford,2016-2017,52.9,52.3,53.4,27921,14760
Central Coast LHD,Gosford,2014-2015,49.3,48.7,49.9,27098,13355
Central Coast LHD,Gosford,2013-2014,48.8,48.2,49.4,26622,12994
Central Coast LHD,Gosford,2011-2012,44.1,43.5,44.7,25491,11251
Central Coast LHD,Wyong,2014-2015,49.0,48.3,49.6,24600,12045
Central Coast LHD,Wyong,2013-2014,48.3,47.7,48.9,24159,11666
Central Coast LHD,Wyong,2016-2017,52.6,52.0,53.2,25374,13344
Central Coast LHD,Wyong,2011-2012,44.8,44.2,45.4,22693,10167
Central Coast LHD,Wyong,2015-2016,49.4,48.8,50.0,24888,12298
Central Coast LHD,Wyong,2012-2013,46.1,45.5,46.7,23399,10789
Far West LHD,Balranald,2013-2014,39.4,34.2,44.7,327,129
Far West LHD,Balranald,2015-2016,37.4,32.2,42.6,334,125
Far West LHD,Balranald,2012-2013,39.6,34.3,44.9,326,129
Far West LHD,Balranald,2014-2015,,,,,
Far West LHD,Balranald,2016-2017,37.4,32.2,42.5,340,127
Far West LHD,Balranald,2011-2012,33.8,28.7,39.0,325,110
Far West LHD,Broken Hill,2013-2014,64.5,62.7,66.2,2994,1930
Far West LHD,Broken Hill,2015-2016,64.1,62.4,65.8,3046,1953
Far West LHD,Broken Hill,2016-2017,61.4,59.6,63.1,3042,1867
Far West LHD,Broken Hill,2014-2015,66.1,64.4,67.8,3014,1993
Far West LHD,Broken Hill,2011-2012,55.3,53.5,57.1,2994,1656
Far West LHD,Broken Hill,2012-2013,59.8,58.0,61.5,3004,1795
Far West LHD,Central Darling,2015-2016,47.5,41.6,53.4,278,132
Far West LHD,Central Darling,2014-2015,48.4,42.4,54.3,273,132
Far West LHD,Central Darling,2013-2014,49.1,43.1,55.0,269,132
Far West LHD,Central Darling,2012-2013,50.9,44.9,57.0,265,135
Far West LHD,Central Darling,2011-2012,48.3,42.2,54.3,261,126
Far West LHD,Central Darling,2016-2017,46.8,41.0,52.6,284,133
Far West LHD,Far West LHD,2014-2015,45.2,43.8,46.6,4847,2190
Far West LHD,Far West LHD,2015-2016,46.5,45.1,47.9,4880,2271
Far West LHD,Far West LHD,2013-2014,47.1,45.7,48.5,4813,2266
Far West LHD,Far West LHD,2016-2017,44.8,43.4,46.2,4898,2193
Far West LHD,Far West LHD,2011-2012,41.1,39.7,42.5,4762,1955
Far West LHD,Far West LHD,2012-2013,44.5,43.1,45.9,4788,2130
Far West LHD,Unincorporated NSW,2015-2016,31.1,24.3,37.9,177,55
Far West LHD,Unincorporated NSW,2013-2014,35.2,28.2,42.2,179,63
Far West LHD,Unincorporated NSW,2014-2015,32.2,25.4,39.0,180,58
Far West LHD,Unincorporated NSW,2016-2017,33.9,27.0,40.7,183,62
Far West LHD,Unincorporated NSW,2012-2013,35.8,28.7,43.0,173,62
Far West LHD,Unincorporated NSW,2011-2012,32.2,25.2,39.2,171,55
Far West LHD,Wentworth,2012-2013,0.9,0.3,1.5,1020,9
Far West LHD,Wentworth,2011-2012,0.8,0.2,1.3,1011,8
Far West LHD,Wentworth,2013-2014,1.1,0.5,1.8,1044,12
Far West LHD,Wentworth,2016-2017,0.4,0.0,0.8,1049,4
Far West LHD,Wentworth,2015-2016,0.6,0.1,1.0,1045,6
Far West LHD,Wentworth,2014-2015,0.7,0.2,1.2,1050,7
Hunter New England LHD,Armidale Dumaresq,2014-2015,64.5,63.0,66.1,3492,2254
Hunter New England LHD,Armidale Dumaresq,2016-2017,64.6,63.0,66.1,3640,2351
Hunter New England LHD,Armidale Dumaresq,2013-2014,62.3,60.7,64.0,3417,2130
Hunter New England LHD,Armidale Dumaresq,2015-2016,64.7,63.2,66.3,3570,2311
Hunter New England LHD,Armidale Dumaresq,2012-2013,57.4,55.7,59.1,3357,1927
Hunter New England LHD,Armidale Dumaresq,2011-2012,57.0,55.3,58.6,3304,1882
Hunter New England LHD,Cessnock,2015-2016,56.0,54.9,57.1,7866,4407
Hunter New England LHD,Cessnock,2016-2017,57.1,56.1,58.2,8016,4580
Hunter New England LHD,Cessnock,2011-2012,52.4,51.2,53.5,7211,3777
Hunter New England LHD,Cessnock,2012-2013,49.2,48.0,50.3,7369,3624
Hunter New England LHD,Cessnock,2013-2014,55.7,54.6,56.8,7532,4197
Hunter New England LHD,Cessnock,2014-2015,51.9,50.8,53.0,7702,3999
Hunter New England LHD,Dungog,2014-2015,62.8,60.3,65.2,1486,933
Hunter New England LHD,Dungog,2013-2014,61.0,58.5,63.5,1470,897
Hunter New England LHD,Dungog,2015-2016,65.1,62.7,67.5,1495,973
Hunter New England LHD,Dungog,2012-2013,61.5,58.9,64.0,1435,882
Hunter New England LHD,Dungog,2016-2017,65.3,62.8,67.7,1508,984
Hunter New England LHD,Dungog,2011-2012,58.7,56.1,61.2,1398,820
Hunter New England LHD,Glen Innes Severn,2012-2013,55.8,53.4,58.3,1558,870
Hunter New England LHD,Glen Innes Severn,2014-2015,61.6,59.2,64.0,1585,977
Hunter New England LHD,Glen Innes Severn,2013-2014,60.1,57.7,62.5,1588,954
Hunter New England LHD,Glen Innes Severn,2015-2016,62.4,60.0,64.8,1568,978
Hunter New England LHD,Glen Innes Severn,2016-2017,63.3,60.9,65.7,1561,988
Hunter New England LHD,Glen Innes Severn,2011-2012,56.5,54.0,59.0,1514,856
Hunter New England LHD,Gloucester,2011-2012,59.5,56.3,62.6,935,556
Hunter New England LHD,Gloucester,2016-2017,69.1,66.2,72.0,987,682
Hunter New England LHD,Gloucester,2013-2014,64.7,61.7,67.7,992,642
Hunter New England LHD,Gloucester,2012-2013,63.5,60.5,66.6,962,611
Hunter New England LHD,Gloucester,2015-2016,68.8,65.9,71.7,985,678
Hunter New England LHD,Gloucester,2014-2015,67.4,64.5,70.3,995,671
Hunter New England LHD,Great Lakes,2016-2017,64.9,63.8,66.0,7514,4876
Hunter New England LHD,Great Lakes,2011-2012,55.1,53.9,56.2,7072,3895
Hunter New England LHD,Great Lakes,2013-2014,59.8,58.7,60.9,7466,4463
Hunter New England LHD,Great Lakes,2012-2013,57.2,56.0,58.3,7270,4156
Hunter New England LHD,Great Lakes,2015-2016,62.8,61.7,63.9,7485,4702
Hunter New England LHD,Great Lakes,2014-2015,62.1,61.0,63.2,7512,4667
Hunter New England LHD,Greater Taree,2011-2012,55.0,53.9,56.0,8569,4712
Hunter New England LHD,Greater Taree,2014-2015,61.7,60.7,62.7,9028,5571
Hunter New England LHD,Greater Taree,2013-2014,61.0,60.0,62.0,8867,5411
Hunter New England LHD,Greater Taree,2015-2016,61.5,60.5,62.5,9184,5648
Hunter New England LHD,Greater Taree,2012-2013,57.4,56.4,58.5,8722,5009
Hunter New England LHD,Greater Taree,2016-2017,62.6,61.6,63.6,9284,5811
Hunter New England LHD,Gunnedah,2015-2016,63.9,61.7,66.1,1779,1137
Hunter New England LHD,Gunnedah,2013-2014,65.8,63.6,68.0,1745,1148
Hunter New England LHD,Gunnedah,2012-2013,61.7,59.5,64.0,1738,1073
Hunter New England LHD,Gunnedah,2014-2015,65.1,62.8,67.3,1760,1145
Hunter New England LHD,Gunnedah,2016-2017,61.5,59.3,63.8,1795,1104
Hunter New England LHD,Gunnedah,2011-2012,58.4,56.1,60.8,1737,1015
Hunter New England LHD,Guyra,2011-2012,54.4,50.7,58.0,723,393
Hunter New England LHD,Guyra,2015-2016,62.2,58.6,65.7,724,450
Hunter New England LHD,Guyra,2016-2017,64.2,60.7,67.8,713,458
Hunter New England LHD,Guyra,2014-2015,59.3,55.8,62.9,733,435
Hunter New England LHD,Guyra,2012-2013,55.0,51.4,58.6,736,405
Hunter New England LHD,Guyra,2013-2014,58.1,54.5,61.6,739,429
Hunter New England LHD,Gwydir,2014-2015,70.2,67.1,73.3,849,596
Hunter New England LHD,Gwydir,2016-2017,69.7,66.6,72.8,838,584
Hunter New England LHD,Gwydir,2011-2012,61.8,58.5,65.2,820,507
Hunter New England LHD,Gwydir,2013-2014,65.9,62.7,69.1,847,558
Hunter New England LHD,Gwydir,2015-2016,70.5,67.4,73.6,844,595
Hunter New England LHD,Gwydir,2012-2013,64.9,61.6,68.1,834,541
Hunter New England LHD,Hunter New England LHD,2012-2013,56.7,56.5,57.0,130138,73852
Hunter New England LHD,Hunter New England LHD,2016-2017,61.8,61.6,62.1,138955,85937
Hunter New England LHD,Hunter New England LHD,2015-2016,61.3,61.1,61.6,137062,84033
Hunter New England LHD,Hunter New England LHD,2014-2015,59.9,59.7,60.2,134816,80798
Hunter New England LHD,Hunter New England LHD,2013-2014,58.6,58.3,58.8,132480,77592
Hunter New England LHD,Hunter New England LHD,2011-2012,54.4,54.1,54.6,127565,69334
Hunter New England LHD,Inverell,2012-2013,62.5,60.6,64.3,2528,1579
Hunter New England LHD,Inverell,2015-2016,60.7,58.8,62.6,2614,1587
Hunter New England LHD,Inverell,2014-2015,61.0,59.1,62.8,2595,1582
Hunter New England LHD,Inverell,2016-2017,60.4,58.5,62.2,2646,1597
Hunter New England LHD,Inverell,2011-2012,59.6,57.7,61.6,2479,1478
Hunter New England LHD,Inverell,2013-2014,61.5,59.6,63.4,2569,1580
Hunter New England LHD,Lake Macquarie,2016-2017,62.0,61.4,62.5,31981,19813
Hunter New England LHD,Lake Macquarie,2015-2016,61.0,60.5,61.5,31682,19325
Hunter New England LHD,Lake Macquarie,2012-2013,56.8,56.2,57.3,30354,17234
Hunter New England LHD,Lake Macquarie,2011-2012,53.9,53.3,54.5,29902,16115
Hunter New England LHD,Lake Macquarie,2014-2015,59.4,58.9,60.0,31182,18534
Hunter New England LHD,Lake Macquarie,2013-2014,57.1,56.5,57.6,30710,17529
Hunter New England LHD,Liverpool Plains,2012-2013,56.7,54.0,59.4,1283,727
Hunter New England LHD,Liverpool Plains,2016-2017,59.7,57.1,62.3,1320,788
Hunter New England LHD,Liverpool Plains,2013-2014,59.7,57.0,62.4,1305,779
Hunter New England LHD,Liverpool Plains,2011-2012,53.5,50.8,56.3,1261,675
Hunter New England LHD,Liverpool Plains,2014-2015,58.3,55.6,60.9,1311,764
Hunter New England LHD,Liverpool Plains,2015-2016,59.4,56.7,62.0,1309,777
Hunter New England LHD,Maitland,2012-2013,57.8,56.8,58.8,9292,5373
Hunter New England LHD,Maitland,2015-2016,61.3,60.4,62.2,10150,6222
Hunter New England LHD,Maitland,2013-2014,58.9,57.9,59.9,9556,5630
Hunter New England LHD,Maitland,2014-2015,59.6,58.7,60.6,9846,5872
Hunter New England LHD,Maitland,2011-2012,55.1,54.1,56.2,8973,4948
Hunter New England LHD,Maitland,2016-2017,63.1,62.2,64.1,10434,6589
Hunter New England LHD,Moree Plains,2011-2012,40.3,38.0,42.7,1689,681
Hunter New England LHD,Moree Plains,2012-2013,42.1,39.7,44.4,1736,730
Hunter New England LHD,Moree Plains,2016-2017,48.7,46.3,51.0,1759,856
Hunter New England LHD,Moree Plains,2014-2015,47.4,45.0,49.7,1757,832
Hunter New England LHD,Moree Plains,2015-2016,48.8,46.4,51.1,1760,858
Hunter New England LHD,Moree Plains,2013-2014,44.0,41.7,46.3,1750,770
Hunter New England LHD,Muswellbrook,2013-2014,55.2,53.0,57.5,1897,1048
Hunter New England LHD,Muswellbrook,2011-2012,52.2,49.9,54.5,1805,942
Hunter New England LHD,Muswellbrook,2015-2016,60.2,58.0,62.4,1947,1172
Hunter New England LHD,Muswellbrook,2012-2013,56.8,54.6,59.1,1853,1053
Hunter New England LHD,Muswellbrook,2016-2017,61.5,59.3,63.6,1973,1213
Hunter New England LHD,Muswellbrook,2014-2015,58.2,56.0,60.4,1925,1121
Hunter New England LHD,Narrabri,2014-2015,68.4,66.3,70.5,1857,1270
Hunter New England LHD,Narrabri,2013-2014,69.1,67.0,71.2,1826,1262
Hunter New England LHD,Narrabri,2015-2016,68.6,66.5,70.7,1899,1303
Hunter New England LHD,Narrabri,2012-2013,65.8,63.7,68.0,1826,1202
Hunter New England LHD,Narrabri,2011-2012,61.0,58.8,63.2,1834,1119
Hunter New England LHD,Narrabri,2016-2017,67.7,65.6,69.8,1910,1293
Hunter New England LHD,Newcastle,2011-2012,50.5,49.8,51.2,19790,9989
Hunter New England LHD,Newcastle,2014-2015,56.9,56.2,57.6,20784,11828
Hunter New England LHD,Newcastle,2015-2016,58.6,58.0,59.3,21265,12465
Hunter New England LHD,Newcastle,2013-2014,53.5,52.9,54.2,20378,10912
Hunter New England LHD,Newcastle,2012-2013,53.4,52.7,54.1,20133,10748
Hunter New England LHD,Newcastle,2016-2017,59.1,58.4,59.7,21611,12763
Hunter New England LHD,Port Stephens,2015-2016,62.5,61.6,63.4,12037,7523
Hunter New England LHD,Port Stephens,2013-2014,58.9,58.0,59.8,11437,6734
Hunter New England LHD,Port Stephens,2016-2017,61.6,60.8,62.5,12327,7598
Hunter New England LHD,Port Stephens,2014-2015,60.2,59.3,61.1,11758,7075
Hunter New England LHD,Port Stephens,2011-2012,55.2,54.3,56.2,10714,5917
Hunter New England LHD,Port Stephens,2012-2013,57.6,56.7,58.6,11063,6376
Hunter New England LHD,Singleton,2015-2016,57.4,55.6,59.2,2873,1650
Hunter New England LHD,Singleton,2012-2013,54.9,53.0,56.8,2629,1444
Hunter New England LHD,Singleton,2013-2014,56.3,54.4,58.2,2676,1506
Hunter New England LHD,Singleton,2016-2017,56.3,54.5,58.1,2965,1670
Hunter New England LHD,Singleton,2011-2012,51.4,49.5,53.3,2621,1348
Hunter New England LHD,Singleton,2014-2015,56.4,54.5,58.2,2768,1560
Hunter New England LHD,Tamworth Regional,2011-2012,58.8,57.8,59.8,8553,5029
Hunter New England LHD,Tamworth Regional,2015-2016,66.6,65.6,67.6,9121,6073
Hunter New England LHD,Tamworth Regional,2014-2015,66.9,65.9,67.9,8971,6000
Hunter New England LHD,Tamworth Regional,2016-2017,66.5,65.5,67.5,9253,6153
Hunter New England LHD,Tamworth Regional,2012-2013,62.9,61.9,63.9,8679,5459
Hunter New England LHD,Tamworth Regional,2013-2014,68.2,67.2,69.2,8820,6017
Hunter New England LHD,Tenterfield,2013-2014,51.7,48.9,54.4,1283,663
Hunter New England LHD,Tenterfield,2015-2016,56.3,53.5,59.0,1246,701
Hunter New England LHD,Tenterfield,2011-2012,51.2,48.3,54.0,1206,617
Hunter New England LHD,Tenterfield,2014-2015,53.1,50.4,55.9,1276,678
Hunter New England LHD,Tenterfield,2016-2017,58.8,56.1,61.6,1234,726
Hunter New England LHD,Tenterfield,2012-2013,48.8,46.1,51.6,1241,606
Hunter New England LHD,Upper Hunter Shire,2015-2016,64.3,62.2,66.4,2087,1342
Hunter New England LHD,Upper Hunter Shire,2016-2017,61.7,59.7,63.8,2122,1310
Hunter New England LHD,Upper Hunter Shire,2012-2013,62.3,60.2,64.4,2002,1247
Hunter New England LHD,Upper Hunter Shire,2014-2015,63.7,61.7,65.8,2066,1317
Hunter New England LHD,Upper Hunter Shire,2013-2014,62.1,60.0,64.2,2039,1267
Hunter New England LHD,Upper Hunter Shire,2011-2012,57.9,55.7,60.1,1968,1139
Hunter New England LHD,Uralla,2012-2013,63.1,60.1,66.1,1013,639
Hunter New England LHD,Uralla,2013-2014,65.6,62.8,68.5,1045,686
Hunter New England LHD,Uralla,2014-2015,68.8,66.0,71.6,1054,725
Hunter New England LHD,Uralla,2016-2017,73.0,70.3,75.6,1058,772
Hunter New England LHD,Uralla,2015-2016,73.2,70.6,75.9,1054,772
Hunter New England LHD,Uralla,2011-2012,61.3,58.2,64.4,969,594
Hunter New England LHD,Walcha,2013-2014,72.2,68.4,76.1,526,380
Hunter New England LHD,Walcha,2012-2013,64.2,60.1,68.3,525,337
Hunter New England LHD,Walcha,2014-2015,74.8,71.1,78.5,524,392
Hunter New England LHD,Walcha,2015-2016,74.1,70.4,77.9,518,384
Hunter New England LHD,Walcha,2011-2012,63.7,59.6,67.8,518,330
Hunter New England LHD,Walcha,2016-2017,74.7,70.9,78.5,506,378
Illawarra Shoalhaven LHD,Illawarra Shoalhaven LHD,2015-2016,56.4,56.0,56.8,61008,34430
Illawarra Shoalhaven LHD,Illawarra Shoalhaven LHD,2011-2012,49.8,49.3,50.2,56572,28146
Illawarra Shoalhaven LHD,Illawarra Shoalhaven LHD,2014-2015,52.4,52.0,52.8,59955,31409
Illawarra Shoalhaven LHD,Illawarra Shoalhaven LHD,2016-2017,56.4,56.0,56.7,61947,34910
Illawarra Shoalhaven LHD,Illawarra Shoalhaven LHD,2012-2013,51.8,51.4,52.2,57747,29899
Illawarra Shoalhaven LHD,Illawarra Shoalhaven LHD,2013-2014,50.7,50.3,51.1,58856,29848
Illawarra Shoalhaven LHD,Kiama,2012-2013,56.2,54.6,57.8,3760,2112
Illawarra Shoalhaven LHD,Kiama,2011-2012,54.2,52.6,55.8,3628,1966
Illawarra Shoalhaven LHD,Kiama,2016-2017,60.1,58.6,61.6,4075,2449
Illawarra Shoalhaven LHD,Kiama,2015-2016,60.9,59.4,62.4,4003,2439
Illawarra Shoalhaven LHD,Kiama,2013-2014,55.2,53.7,56.8,3897,2153
Illawarra Shoalhaven LHD,Kiama,2014-2015,57.1,55.5,58.6,3968,2265
Illawarra Shoalhaven LHD,Shellharbour,2013-2014,51.7,50.7,52.7,9554,4941
Illawarra Shoalhaven LHD,Shellharbour,2012-2013,52.6,51.6,53.6,9239,4860
Illawarra Shoalhaven LHD,Shellharbour,2011-2012,51.4,50.4,52.5,8956,4607
Illawarra Shoalhaven LHD,Shellharbour,2016-2017,57.5,56.5,58.4,10378,5965
Illawarra Shoalhaven LHD,Shellharbour,2015-2016,58.4,57.5,59.4,10096,5900
Illawarra Shoalhaven LHD,Shellharbour,2014-2015,54.0,53.0,55.0,9837,5309
Illawarra Shoalhaven LHD,Shoalhaven,2012-2013,56.6,55.8,57.3,17112,9683
Illawarra Shoalhaven LHD,Shoalhaven,2014-2015,56.7,56.0,57.4,17739,10058
Illawarra Shoalhaven LHD,Shoalhaven,2013-2014,55.8,55.1,56.5,17420,9719
Illawarra Shoalhaven LHD,Shoalhaven,2015-2016,60.4,59.6,61.1,18049,10894
Illawarra Shoalhaven LHD,Shoalhaven,2016-2017,60.3,59.6,61.0,18338,11056
Illawarra Shoalhaven LHD,Shoalhaven,2011-2012,52.6,51.8,53.3,16820,8845
Illawarra Shoalhaven LHD,Wollongong,2012-2013,47.9,47.3,48.5,27636,13244
Illawarra Shoalhaven LHD,Wollongong,2015-2016,52.7,52.1,53.2,28860,15197
Illawarra Shoalhaven LHD,Wollongong,2014-2015,48.5,47.9,49.1,28411,13777
Illawarra Shoalhaven LHD,Wollongong,2011-2012,46.8,46.3,47.4,27168,12728
Illawarra Shoalhaven LHD,Wollongong,2016-2017,53.0,52.4,53.5,29156,15440
Illawarra Shoalhaven LHD,Wollongong,2013-2014,46.6,46.0,47.2,27985,13035
Mid North Coast LHD,Bellingen,2012-2013,46.0,44.0,48.0,2410,1109
Mid North Coast LHD,Bellingen,2013-2014,50.6,48.6,52.6,2464,1247
Mid North Coast LHD,Bellingen,2015-2016,52.3,50.3,54.2,2534,1325
Mid North Coast LHD,Bellingen,2011-2012,49.6,47.6,51.6,2345,1163
Mid North Coast LHD,Bellingen,2014-2015,53.6,51.6,55.5,2504,1342
Mid North Coast LHD,Bellingen,2016-2017,52.3,50.3,54.2,2566,1341
Mid North Coast LHD,Coffs Harbour,2011-2012,54.7,53.7,55.6,11222,6134
Mid North Coast LHD,Coffs Harbour,2012-2013,52.3,51.3,53.2,11375,5944
Mid North Coast LHD,Coffs Harbour,2015-2016,56.9,56.0,57.8,12319,7011
Mid North Coast LHD,Coffs Harbour,2014-2015,58.9,58.0,59.8,11917,7017
Mid North Coast LHD,Coffs Harbour,2013-2014,57.3,56.4,58.2,11571,6629
Mid North Coast LHD,Coffs Harbour,2016-2017,56.6,55.7,57.4,12661,7164
Mid North Coast LHD,Kempsey,2013-2014,53.5,52.1,54.9,5032,2692
Mid North Coast LHD,Kempsey,2015-2016,57.7,56.3,59.0,5210,3004
Mid North Coast LHD,Kempsey,2011-2012,55.0,53.6,56.4,4879,2683
Mid North Coast LHD,Kempsey,2016-2017,59.8,58.4,61.1,5246,3135
Mid North Coast LHD,Kempsey,2012-2013,55.2,53.8,56.6,4971,2744
Mid North Coast LHD,Kempsey,2014-2015,57.2,55.8,58.5,5118,2926
Mid North Coast LHD,Mid North Coast LHD,2013-2014,55.8,55.3,56.3,36754,20506
Mid North Coast LHD,Mid North Coast LHD,2011-2012,54.0,53.5,54.5,35355,19093
Mid North Coast LHD,Mid North Coast LHD,2012-2013,52.7,52.2,53.2,36048,19006
Mid North Coast LHD,Mid North Coast LHD,2014-2015,58.7,58.2,59.2,37558,22061
Mid North Coast LHD,Mid North Coast LHD,2016-2017,58.2,57.7,58.7,39066,22725
Mid North Coast LHD,Mid North Coast LHD,2015-2016,57.9,57.4,58.4,38365,22211
Mid North Coast LHD,Nambucca,2014-2015,54.9,53.3,56.5,3870,2125
Mid North Coast LHD,Nambucca,2015-2016,53.0,51.4,54.6,3913,2074
Mid North Coast LHD,Nambucca,2011-2012,51.0,49.4,52.6,3644,1859
Mid North Coast LHD,Nambucca,2013-2014,51.1,49.5,52.7,3810,1948
Mid North Coast LHD,Nambucca,2012-2013,48.6,47.0,50.2,3721,1808
Mid North Coast LHD,Nambucca,2016-2017,53.7,52.1,55.2,3967,2129
Mid North Coast LHD,Port Macquarie-Hastings,2012-2013,54.5,53.7,55.4,13571,7401
Mid North Coast LHD,Port Macquarie-Hastings,2011-2012,54.7,53.8,55.5,13265,7254
Mid North Coast LHD,Port Macquarie-Hastings,2016-2017,61.2,60.4,62.0,14626,8956
Mid North Coast LHD,Port Macquarie-Hastings,2013-2014,57.6,56.8,58.4,13877,7990
Mid North Coast LHD,Port Macquarie-Hastings,2014-2015,61.1,60.3,61.9,14149,8651
Mid North Coast LHD,Port Macquarie-Hastings,2015-2016,61.1,60.3,61.9,14389,8797
Murrumbidgee LHD,Albury,2012-2013,47.4,46.3,48.6,6927,3286
Murrumbidgee LHD,Albury,2011-2012,42.7,41.5,43.9,6763,2888
Murrumbidgee LHD,Albury,2015-2016,53.2,52.1,54.3,7304,3886
Murrumbidgee LHD,Albury,2013-2014,49.5,48.4,50.7,7056,3495
Murrumbidgee LHD,Albury,2016-2017,54.6,53.4,55.7,7413,4046
Murrumbidgee LHD,Albury,2014-2015,52.1,51.0,53.3,7179,3742
Murrumbidgee LHD,Berrigan,2011-2012,37.1,34.7,39.6,1514,562
Murrumbidgee LHD,Berrigan,2015-2016,39.2,36.8,41.6,1588,623
Murrumbidgee LHD,Berrigan,2016-2017,34.9,32.6,37.2,1608,561
Murrumbidgee LHD,Berrigan,2012-2013,36.2,33.8,38.6,1542,558
Murrumbidgee LHD,Berrigan,2014-2015,42.7,40.3,45.2,1587,678
Murrumbidgee LHD,Berrigan,2013-2014,35.0,32.6,37.3,1575,551
Murrumbidgee LHD,Bland,2013-2014,59.9,56.6,63.2,860,515
Murrumbidgee LHD,Bland,2011-2012,54.7,51.4,58.1,857,469
Murrumbidgee LHD,Bland,2012-2013,57.4,54.1,60.7,866,497
Murrumbidgee LHD,Bland,2015-2016,59.1,55.8,62.5,837,495
Murrumbidgee LHD,Bland,2016-2017,63.0,59.7,66.3,830,523
Murrumbidgee LHD,Bland,2014-2015,61.7,58.5,65.0,849,524
Murrumbidgee LHD,Boorowa,2012-2013,57.3,52.6,62.1,417,239
Murrumbidgee LHD,Boorowa,2014-2015,57.4,52.7,62.1,420,241
Murrumbidgee LHD,Boorowa,2016-2017,71.0,66.6,75.3,420,298
Murrumbidgee LHD,Boorowa,2011-2012,47.2,42.4,52.0,415,196
Murrumbidgee LHD,Boorowa,2013-2014,51.7,46.9,56.5,418,216
Murrumbidgee LHD,Boorowa,2015-2016,60.1,55.4,64.8,421,253
Murrumbidgee LHD,Carrathool,2016-2017,55.2,50.2,60.2,375,207
Murrumbidgee LHD,Carrathool,2012-2013,52.1,46.9,57.4,351,183
Murrumbidgee LHD,Carrathool,2015-2016,47.8,42.8,52.9,372,178
Murrumbidgee LHD,Carrathool,2011-2012,50.0,44.7,55.3,348,174
Murrumbidgee LHD,Carrathool,2014-2015,50.1,45.0,55.3,363,182
Murrumbidgee LHD,Carrathool,2013-2014,53.8,48.6,59.0,355,191
Murrumbidgee LHD,Conargo,2016-2017,29.3,23.7,34.9,256,75
Murrumbidgee LHD,Conargo,2013-2014,32.8,26.9,38.6,247,81
Murrumbidgee LHD,Conargo,2012-2013,34.3,28.3,40.4,236,81
Murrumbidgee LHD,Conargo,2011-2012,25.2,19.5,30.9,222,56
Murrumbidgee LHD,Conargo,2015-2016,32.5,26.8,38.3,252,82
Murrumbidgee LHD,Conargo,2014-2015,33.3,27.5,39.2,252,84
Murrumbidgee LHD,Coolamon,2016-2017,60.1,56.4,63.7,694,417
Murrumbidgee LHD,Coolamon,2012-2013,44.5,40.8,48.2,690,307
Murrumbidgee LHD,Coolamon,2013-2014,53.4,49.7,57.1,693,370
Murrumbidgee LHD,Coolamon,2011-2012,44.1,40.3,47.8,683,301
Murrumbidgee LHD,Coolamon,2015-2016,56.0,52.3,59.6,697,390
Murrumbidgee LHD,Coolamon,2014-2015,55.4,51.7,59.1,695,385
Murrumbidgee LHD,Cootamundra,2012-2013,54.2,51.6,56.9,1320,716
Murrumbidgee LHD,Cootamundra,2015-2016,62.8,60.1,65.4,1268,796
Murrumbidgee LHD,Cootamundra,2014-2015,57.9,55.2,60.6,1291,748
Murrumbidgee LHD,Cootamundra,2016-2017,65.7,63.0,68.3,1223,803
Murrumbidgee LHD,Cootamundra,2011-2012,55.8,53.1,58.5,1310,731
Murrumbidgee LHD,Cootamundra,2013-2014,53.4,50.7,56.1,1311,700
Murrumbidgee LHD,Corowa Shire,2013-2014,40.7,38.6,42.9,2016,821
Murrumbidgee LHD,Corowa Shire,2012-2013,42.6,40.4,44.8,1963,836
Murrumbidgee LHD,Corowa Shire,2011-2012,42.8,40.6,45.0,1927,825
Murrumbidgee LHD,Corowa Shire,2015-2016,46.6,44.5,48.8,2020,942
Murrumbidgee LHD,Corowa Shire,2016-2017,47.6,45.4,49.7,2048,974
Murrumbidgee LHD,Corowa Shire,2014-2015,43.0,40.9,45.2,2028,873
Murrumbidgee LHD,Deniliquin,2015-2016,56.9,54.0,59.7,1148,653
Murrumbidgee LHD,Deniliquin,2012-2013,54.1,51.2,57.0,1144,619
Murrumbidgee LHD,Deniliquin,2011-2012,48.4,45.5,51.3,1145,554
Murrumbidgee LHD,Deniliquin,2016-2017,58.4,55.5,61.2,1144,668
Murrumbidgee LHD,Deniliquin,2013-2014,55.3,52.4,58.1,1140,630
Murrumbidgee LHD,Deniliquin,2014-2015,58.1,55.2,61.0,1143,664
Murrumbidgee LHD,Greater Hume Shire,2016-2017,56.4,54.0,58.8,1676,945
Murrumbidgee LHD,Greater Hume Shire,2012-2013,47.7,45.3,50.2,1626,776
Murrumbidgee LHD,Greater Hume Shire,2011-2012,46.1,43.6,48.6,1566,722
Murrumbidgee LHD,Greater Hume Shire,2015-2016,54.5,52.1,56.9,1672,911
Murrumbidgee LHD,Greater Hume Shire,2013-2014,45.0,42.6,47.4,1668,751
Murrumbidgee LHD,Greater Hume Shire,2014-2015,50.4,48.0,52.8,1678,846
Murrumbidgee LHD,Griffith,2013-2014,60.3,58.6,62.1,3031,1829
Murrumbidgee LHD,Griffith,2016-2017,61.4,59.8,63.1,3364,2067
Murrumbidgee LHD,Griffith,2011-2012,56.3,54.5,58.0,3000,1688
Murrumbidgee LHD,Griffith,2015-2016,57.8,56.1,59.5,3280,1896
Murrumbidgee LHD,Griffith,2012-2013,59.2,57.5,61.0,3013,1785
Murrumbidgee LHD,Griffith,2014-2015,58.7,56.9,60.4,3137,1840
Murrumbidgee LHD,Gundagai,2011-2012,57.5,53.4,61.6,565,325
Murrumbidgee LHD,Gundagai,2013-2014,58.5,54.5,62.5,578,338
Murrumbidgee LHD,Gundagai,2015-2016,60.6,56.6,64.5,578,350
Murrumbidgee LHD,Gundagai,2016-2017,63.4,59.5,67.4,577,366
Murrumbidgee LHD,Gundagai,2012-2013,56.4,52.4,60.5,576,325
Murrumbidgee LHD,Gundagai,2014-2015,61.6,57.6,65.6,578,356
Murrumbidgee LHD,Harden,2012-2013,49.1,45.2,53.0,635,312
Murrumbidgee LHD,Harden,2015-2016,57.6,53.7,61.5,623,359
Murrumbidgee LHD,Harden,2011-2012,47.9,44.0,51.8,632,303
Murrumbidgee LHD,Harden,2016-2017,59.9,56.0,63.8,616,369
Murrumbidgee LHD,Harden,2014-2015,53.9,50.0,57.8,629,339
Murrumbidgee LHD,Harden,2013-2014,51.0,47.1,54.9,633,323
Murrumbidgee LHD,Hay,2016-2017,64.4,60.1,68.7,483,311
Murrumbidgee LHD,Hay,2013-2014,64.5,60.0,69.0,437,282
Murrumbidgee LHD,Hay,2015-2016,57.7,53.2,62.1,475,274
Murrumbidgee LHD,Hay,2011-2012,60.6,56.1,65.2,447,271
Murrumbidgee LHD,Hay,2012-2013,65.2,60.8,69.7,437,285
Murrumbidgee LHD,Hay,2014-2015,58.8,54.3,63.3,454,267
Murrumbidgee LHD,Jerilderie,2014-2015,51.8,45.6,57.9,255,132
Murrumbidgee LHD,Jerilderie,2013-2014,46.3,40.2,52.4,257,119
Murrumbidgee LHD,Jerilderie,2015-2016,51.2,45.0,57.4,252,129
Murrumbidgee LHD,Jerilderie,2011-2012,50.8,44.7,56.8,260,132
Murrumbidgee LHD,Jerilderie,2012-2013,48.3,42.2,54.3,261,126
Murrumbidgee LHD,Jerilderie,2016-2017,48.2,41.9,54.4,247,119
Murrumbidgee LHD,Junee,2016-2017,58.0,54.8,61.3,870,505
Murrumbidgee LHD,Junee,2012-2013,51.9,48.5,55.2,837,434
Murrumbidgee LHD,Junee,2015-2016,54.7,51.4,58.0,866,474
Murrumbidgee LHD,Junee,2011-2012,54.5,51.1,58.0,814,444
Murrumbidgee LHD,Junee,2014-2015,59.5,56.2,62.8,859,511
Murrumbidgee LHD,Junee,2013-2014,58.0,54.7,61.3,850,493
Murrumbidgee LHD,Leeton,2012-2013,59.7,57.3,62.2,1532,915
Murrumbidgee LHD,Leeton,2013-2014,59.1,56.7,61.6,1559,922
Murrumbidgee LHD,Leeton,2016-2017,59.4,57.0,61.8,1619,961
Murrumbidgee LHD,Leeton,2015-2016,56.1,53.7,58.5,1601,898
Murrumbidgee LHD,Leeton,2014-2015,57.2,54.7,59.6,1581,904
Murrumbidgee LHD,Leeton,2011-2012,57.0,54.5,59.5,1491,850
Murrumbidgee LHD,Lockhart,2012-2013,56.8,52.4,61.3,482,274
Murrumbidgee LHD,Lockhart,2013-2014,60.8,56.4,65.1,482,293
Murrumbidgee LHD,Lockhart,2015-2016,65.0,60.7,69.3,477,310
Murrumbidgee LHD,Lockhart,2016-2017,67.5,63.3,71.7,471,318
Murrumbidgee LHD,Lockhart,2014-2015,64.0,59.7,68.3,480,307
Murrumbidgee LHD,Lockhart,2011-2012,57.5,53.1,62.0,478,275
Murrumbidgee LHD,Murray,2016-2017,7.7,6.3,9.1,1455,112
Murrumbidgee LHD,Murray,2013-2014,8.7,7.2,10.2,1362,118
Murrumbidgee LHD,Murray,2015-2016,8.6,7.1,10.1,1409,121
Murrumbidgee LHD,Murray,2012-2013,9.4,7.8,10.9,1294,121
Murrumbidgee LHD,Murray,2014-2015,8.7,7.2,10.2,1395,121
Murrumbidgee LHD,Murray,2011-2012,10.1,8.4,11.8,1267,128
Murrumbidgee LHD,Murrumbidgee,2013-2014,54.3,48.9,59.7,328,178
Murrumbidgee LHD,Murrumbidgee,2015-2016,63.4,58.1,68.7,317,201
Murrumbidgee LHD,Murrumbidgee,2012-2013,53.4,48.0,58.8,324,173
Murrumbidgee LHD,Murrumbidgee,2016-2017,66.9,61.6,72.1,308,206
Murrumbidgee LHD,Murrumbidgee,2014-2015,54.2,48.7,59.6,325,176
Murrumbidgee LHD,Murrumbidgee,2011-2012,53.8,48.3,59.4,312,168
Murrumbidgee LHD,Murrumbidgee LHD,2014-2015,53.7,53.3,54.2,42263,22708
Murrumbidgee LHD,Murrumbidgee LHD,2016-2017,55.6,55.2,56.1,43292,24090
Murrumbidgee LHD,Murrumbidgee LHD,2012-2013,50.0,49.5,50.5,41158,20578
Murrumbidgee LHD,Murrumbidgee LHD,2013-2014,52.0,51.5,52.5,41687,21665
Murrumbidgee LHD,Murrumbidgee LHD,2011-2012,48.8,48.3,49.2,40506,19750
Murrumbidgee LHD,Murrumbidgee LHD,2015-2016,53.7,53.3,54.2,42836,23013
Murrumbidgee LHD,Narrandera,2012-2013,59.6,56.4,62.9,872,520
Murrumbidgee LHD,Narrandera,2016-2017,58.2,55.0,61.4,919,535
Murrumbidgee LHD,Narrandera,2013-2014,61.6,58.4,64.8,877,540
Murrumbidgee LHD,Narrandera,2015-2016,59.8,56.6,63.0,911,545
Murrumbidgee LHD,Narrandera,2014-2015,53.5,50.3,56.8,893,478
Murrumbidgee LHD,Narrandera,2011-2012,58.9,55.6,62.1,873,514
Murrumbidgee LHD,Temora,2014-2015,66.7,63.8,69.7,959,640
Murrumbidgee LHD,Temora,2013-2014,62.3,59.2,65.4,941,586
Murrumbidgee LHD,Temora,2015-2016,64.8,61.8,67.8,976,632
Murrumbidgee LHD,Temora,2012-2013,59.9,56.7,63.1,925,554
Murrumbidgee LHD,Temora,2016-2017,65.7,62.7,68.6,984,646
Murrumbidgee LHD,Temora,2011-2012,61.7,58.5,64.9,906,559
Murrumbidgee LHD,Tumbarumba,2016-2017,61.0,56.8,65.1,533,325
Murrumbidgee LHD,Tumbarumba,2013-2014,50.6,46.3,54.8,540,273
Murrumbidgee LHD,Tumbarumba,2015-2016,58.7,54.6,62.9,538,316
Murrumbidgee LHD,Tumbarumba,2012-2013,54.4,50.2,58.5,548,298
Murrumbidgee LHD,Tumbarumba,2014-2015,51.1,46.9,55.3,538,275
Murrumbidgee LHD,Tumbarumba,2011-2012,51.4,47.2,55.6,547,281
Murrumbidgee LHD,Tumut Shire,2013-2014,67.7,65.5,70.0,1667,1129
Murrumbidgee LHD,Tumut Shire,2016-2017,64.7,62.5,67.0,1743,1128
Murrumbidgee LHD,Tumut Shire,2015-2016,63.8,61.6,66.1,1733,1106
Murrumbidgee LHD,Tumut Shire,2014-2015,67.5,65.2,69.7,1694,1143
Murrumbidgee LHD,Tumut Shire,2011-2012,61.0,58.6,63.3,1656,1010
Murrumbidgee LHD,Tumut Shire,2012-2013,60.5,58.2,62.9,1670,1011
Murrumbidgee LHD,Urana,2013-2014,50.8,43.7,57.9,191,97
Murrumbidgee LHD,Urana,2015-2016,56.2,48.9,63.5,178,100
Murrumbidgee LHD,Urana,2016-2017,57.0,49.6,64.4,172,98
Murrumbidgee LHD,Urana,2014-2015,57.0,49.9,64.1,186,106
Murrumbidgee LHD,Urana,2011-2012,48.2,41.1,55.2,193,93
Murrumbidgee LHD,Urana,2012-2013,51.5,44.5,58.6,194,100
Murrumbidgee LHD,Wagga Wagga,2013-2014,62.2,61.1,63.3,7744,4816
Murrumbidgee LHD,Wagga Wagga,2015-2016,60.4,59.4,61.5,8141,4921
Murrumbidgee LHD,Wagga Wagga,2016-2017,63.1,62.1,64.2,8329,5258
Murrumbidgee LHD,Wagga Wagga,2012-2013,55.7,54.6,56.8,7627,4246
Murrumbidgee LHD,Wagga Wagga,2011-2012,56.5,55.4,57.7,7513,4248
Murrumbidgee LHD,Wagga Wagga,2014-2015,63.8,62.7,64.8,7928,5057
Murrumbidgee LHD,Wakool,2016-2017,13.9,11.4,16.4,728,101
Murrumbidgee LHD,Wakool,2013-2014,11.6,9.3,13.9,739,86
Murrumbidgee LHD,Wakool,2015-2016,9.9,7.7,12.0,730,72
Murrumbidgee LHD,Wakool,2011-2012,8.6,6.6,10.7,719,62
Murrumbidgee LHD,Wakool,2014-2015,8.3,6.3,10.3,737,61
Murrumbidgee LHD,Wakool,2012-2013,12.0,9.7,14.4,733,88
Murrumbidgee LHD,Young,2013-2014,49.3,47.0,51.5,1872,922
Murrumbidgee LHD,Young,2016-2017,59.7,57.5,61.9,1923,1148
Murrumbidgee LHD,Young,2011-2012,50.7,48.4,53.0,1816,921
Murrumbidgee LHD,Young,2015-2016,57.6,55.4,59.8,1909,1100
Murrumbidgee LHD,Young,2012-2013,49.3,47.0,51.5,1853,913
Murrumbidgee LHD,Young,2014-2015,54.4,52.1,56.6,1890,1028
NSW,NSW,2015-2016,52.7,52.6,52.8,1047895,551836
NSW,NSW,2011-2012,46.2,46.1,46.3,960466,444128
NSW,NSW,2012-2013,48.1,48.0,48.2,984500,473440
NSW,NSW,2014-2015,50.8,50.7,50.9,1028487,522632
NSW,NSW,2013-2014,49.0,48.9,49.1,1007642,494181
NSW,NSW,2016-2017,53.1,53.0,53.2,1066323,566379
Nepean Blue Mountains LHD,Blue Mountains,2015-2016,49.5,48.7,50.3,14152,7002
Nepean Blue Mountains LHD,Blue Mountains,2016-2017,49.7,48.9,50.5,14370,7139
Nepean Blue Mountains LHD,Blue Mountains,2011-2012,41.7,40.9,42.6,13058,5451
Nepean Blue Mountains LHD,Blue Mountains,2014-2015,47.2,46.4,48.1,13894,6561
Nepean Blue Mountains LHD,Blue Mountains,2013-2014,45.4,44.6,46.3,13633,6196
Nepean Blue Mountains LHD,Blue Mountains,2012-2013,43.4,42.5,44.2,13376,5802
Nepean Blue Mountains LHD,Hawkesbury,2013-2014,47.3,46.3,48.4,8565,4053
Nepean Blue Mountains LHD,Hawkesbury,2015-2016,50.7,49.7,51.8,9044,4589
Nepean Blue Mountains LHD,Hawkesbury,2011-2012,41.9,40.9,43.0,8126,3407
Nepean Blue Mountains LHD,Hawkesbury,2016-2017,50.3,49.3,51.3,9299,4680
Nepean Blue Mountains LHD,Hawkesbury,2014-2015,48.7,47.6,49.7,8808,4286
Nepean Blue Mountains LHD,Hawkesbury,2012-2013,44.7,43.6,45.7,8323,3717
Nepean Blue Mountains LHD,Lithgow,2013-2014,40.8,39.1,42.5,3318,1354
Nepean Blue Mountains LHD,Lithgow,2015-2016,45.0,43.4,46.7,3441,1550
Nepean Blue Mountains LHD,Lithgow,2016-2017,46.4,44.7,48.0,3480,1613
Nepean Blue Mountains LHD,Lithgow,2012-2013,40.3,38.6,42.0,3256,1312
Nepean Blue Mountains LHD,Lithgow,2011-2012,37.3,35.6,39.0,3197,1192
Nepean Blue Mountains LHD,Lithgow,2014-2015,42.9,41.2,44.6,3382,1451
Nepean Blue Mountains LHD,Nepean Blue Mountains LHD,2013-2014,44.4,43.9,44.8,49998,22177
Nepean Blue Mountains LHD,Nepean Blue Mountains LHD,2015-2016,48.0,47.5,48.4,51930,24904
Nepean Blue Mountains LHD,Nepean Blue Mountains LHD,2012-2013,42.7,42.2,43.1,48383,20652
Nepean Blue Mountains LHD,Nepean Blue Mountains LHD,2011-2012,41.4,40.9,41.8,46820,19365
Nepean Blue Mountains LHD,Nepean Blue Mountains LHD,2016-2017,48.4,48.0,48.9,53000,25672
Nepean Blue Mountains LHD,Nepean Blue Mountains LHD,2014-2015,45.7,45.3,46.2,51096,23372
Nepean Blue Mountains LHD,Penrith,2016-2017,47.4,46.7,48.0,25847,12239
Nepean Blue Mountains LHD,Penrith,2013-2014,43.2,42.6,43.8,24478,10572
Nepean Blue Mountains LHD,Penrith,2015-2016,46.5,45.9,47.1,25289,11761
Nepean Blue Mountains LHD,Penrith,2011-2012,41.5,40.9,42.2,22436,9315
Nepean Blue Mountains LHD,Penrith,2014-2015,44.3,43.7,44.9,25008,11071
Nepean Blue Mountains LHD,Penrith,2012-2013,41.9,41.3,42.6,23424,9820
Northern NSW LHD,Ballina,2016-2017,65.6,64.5,66.6,7438,4876
Northern NSW LHD,Ballina,2012-2013,50.4,49.3,51.6,7106,3583
Northern NSW LHD,Ballina,2013-2014,57.2,56.1,58.4,7241,4145
Northern NSW LHD,Ballina,2011-2012,56.9,55.7,58.1,6916,3936
Northern NSW LHD,Ballina,2015-2016,64.0,62.9,65.1,7389,4729
Northern NSW LHD,Ballina,2014-2015,61.9,60.7,63.0,7326,4532
Northern NSW LHD,Byron,2016-2017,49.0,47.7,50.3,5473,2683
Northern NSW LHD,Byron,2013-2014,45.7,44.3,47.0,5124,2340
Northern NSW LHD,Byron,2015-2016,46.7,45.3,48.0,5403,2521
Northern NSW LHD,Byron,2011-2012,42.3,40.9,43.7,4885,2065
Northern NSW LHD,Byron,2014-2015,47.0,45.7,48.4,5257,2473
Northern NSW LHD,Byron,2012-2013,42.6,41.2,43.9,5026,2139
Northern NSW LHD,Clarence Valley,2013-2014,55.6,54.6,56.7,9174,5104
Northern NSW LHD,Clarence Valley,2014-2015,60.2,59.2,61.2,9354,5628
Northern NSW LHD,Clarence Valley,2016-2017,60.0,59.1,61.0,9693,5820
Northern NSW LHD,Clarence Valley,2015-2016,60.6,59.6,61.6,9542,5782
Northern NSW LHD,Clarence Valley,2011-2012,56.1,55.0,57.1,8877,4978
Northern NSW LHD,Clarence Valley,2012-2013,56.4,55.4,57.4,9031,5092
Northern NSW LHD,Kyogle,2016-2017,56.2,53.8,58.5,1761,989
Northern NSW LHD,Kyogle,2013-2014,52.9,50.5,55.3,1678,888
Northern NSW LHD,Kyogle,2015-2016,57.0,54.6,59.3,1733,987
Northern NSW LHD,Kyogle,2011-2012,53.1,50.7,55.6,1617,859
Northern NSW LHD,Kyogle,2014-2015,55.9,53.6,58.3,1706,954
Northern NSW LHD,Kyogle,2012-2013,51.7,49.3,54.1,1649,852
Northern NSW LHD,Lismore,2013-2014,58.0,56.9,59.2,6854,3978
Northern NSW LHD,Lismore,2011-2012,56.6,55.4,57.8,6566,3718
Northern NSW LHD,Lismore,2014-2015,60.6,59.4,61.7,6985,4230
Northern NSW LHD,Lismore,2016-2017,59.3,58.1,60.4,7215,4275
Northern NSW LHD,Lismore,2012-2013,54.3,53.1,55.5,6754,3665
Northern NSW LHD,Lismore,2015-2016,60.0,58.9,61.1,7131,4278
Northern NSW LHD,Northern NSW LHD,2016-2017,57.3,56.8,57.7,51852,29695
Northern NSW LHD,Northern NSW LHD,2013-2014,53.6,53.1,54.0,49145,26335
Northern NSW LHD,Northern NSW LHD,2015-2016,56.4,55.9,56.8,51074,28795
Northern NSW LHD,Northern NSW LHD,2011-2012,51.7,51.2,52.1,47018,24294
Northern NSW LHD,Northern NSW LHD,2014-2015,56.0,55.6,56.4,50128,28065
Northern NSW LHD,Northern NSW LHD,2012-2013,49.3,48.9,49.7,48153,23741
Northern NSW LHD,Richmond Valley,2016-2017,61.1,59.6,62.7,3896,2382
Northern NSW LHD,Richmond Valley,2013-2014,59.1,57.5,60.7,3645,2155
Northern NSW LHD,Richmond Valley,2015-2016,60.7,59.2,62.3,3820,2320
Northern NSW LHD,Richmond Valley,2011-2012,58.9,57.2,60.5,3486,2052
Northern NSW LHD,Richmond Valley,2014-2015,60.4,58.8,62.0,3736,2256
Northern NSW LHD,Richmond Valley,2012-2013,54.1,52.5,55.8,3561,1927
Northern NSW LHD,Tweed,2013-2014,50.4,49.6,51.2,15335,7725
Northern NSW LHD,Tweed,2015-2016,51.2,50.4,52.0,15965,8178
Northern NSW LHD,Tweed,2011-2012,45.8,45.0,46.7,14583,6686
Northern NSW LHD,Tweed,2016-2017,53.2,52.5,54.0,16286,8670
Northern NSW LHD,Tweed,2014-2015,51.0,50.2,51.8,15671,7992
Northern NSW LHD,Tweed,2012-2013,43.4,42.6,44.2,14935,6483
Northern Sydney LHD,Hornsby,2016-2017,55.6,55.0,56.2,24313,13524
Northern Sydney LHD,Hornsby,2013-2014,52.7,52.1,53.4,23410,12342
Northern Sydney LHD,Hornsby,2015-2016,55.1,54.5,55.8,24088,13278
Northern Sydney LHD,Hornsby,2011-2012,48.0,47.3,48.6,22403,10751
Northern Sydney LHD,Hornsby,2014-2015,53.4,52.8,54.1,23764,12699
Northern Sydney LHD,Hornsby,2012-2013,50.9,50.3,51.6,22979,11700
Northern Sydney LHD,Hunters Hill,2014-2015,52.0,49.8,54.1,2094,1088
Northern Sydney LHD,Hunters Hill,2013-2014,49.9,47.8,52.1,2059,1028
Northern Sydney LHD,Hunters Hill,2015-2016,50.9,48.8,53.0,2141,1090
Northern Sydney LHD,Hunters Hill,2011-2012,45.0,42.8,47.2,1981,892
Northern Sydney LHD,Hunters Hill,2016-2017,51.2,49.1,53.3,2151,1102
Northern Sydney LHD,Hunters Hill,2012-2013,46.7,44.6,48.9,2045,956
Northern Sydney LHD,Ku-ring-gai,2013-2014,51.8,51.0,52.5,17381,9000
Northern Sydney LHD,Ku-ring-gai,2015-2016,52.7,51.9,53.4,17978,9467
Northern Sydney LHD,Ku-ring-gai,2011-2012,49.1,48.3,49.8,16574,8134
Northern Sydney LHD,Ku-ring-gai,2016-2017,52.9,52.2,53.6,18220,9642
Northern Sydney LHD,Ku-ring-gai,2014-2015,52.5,51.8,53.2,17690,9289
Northern Sydney LHD,Ku-ring-gai,2012-2013,50.8,50.1,51.6,17020,8652
Northern Sydney LHD,Lane Cove,2013-2014,51.9,50.4,53.4,4351,2259
Northern Sydney LHD,Lane Cove,2011-2012,47.8,46.3,49.2,4314,2060
Northern Sydney LHD,Lane Cove,2016-2017,55.3,53.8,56.7,4608,2547
Northern Sydney LHD,Lane Cove,2015-2016,55.2,53.7,56.6,4569,2521
Northern Sydney LHD,Lane Cove,2014-2015,55.0,53.6,56.5,4436,2442
Northern Sydney LHD,Lane Cove,2012-2013,49.8,48.4,51.3,4368,2177
Northern Sydney LHD,Manly,2016-2017,55.8,54.5,57.1,5596,3123
Northern Sydney LHD,Manly,2013-2014,50.0,48.6,51.3,5262,2629
Northern Sydney LHD,Manly,2015-2016,55.3,54.0,56.7,5489,3038
Northern Sydney LHD,Manly,2011-2012,48.0,46.6,49.4,4976,2390
Northern Sydney LHD,Manly,2014-2015,53.1,51.8,54.5,5384,2861
Northern Sydney LHD,Manly,2012-2013,49.8,48.4,51.2,5111,2545
Northern Sydney LHD,Mosman,2013-2014,40.1,38.6,41.5,4450,1784
Northern Sydney LHD,Mosman,2016-2017,43.9,42.5,45.3,4730,2076
Northern Sydney LHD,Mosman,2015-2016,44.0,42.6,45.4,4664,2052
Northern Sydney LHD,Mosman,2011-2012,37.5,36.1,38.9,4342,1628
Northern Sydney LHD,Mosman,2014-2015,43.0,41.6,44.5,4549,1957
Northern Sydney LHD,Mosman,2012-2013,39.0,37.6,40.5,4399,1716
Northern Sydney LHD,North Sydney,2016-2017,51.2,50.2,52.2,9417,4820
Northern Sydney LHD,North Sydney,2013-2014,47.5,46.5,48.6,8824,4194
Northern Sydney LHD,North Sydney,2011-2012,42.8,41.8,43.9,8590,3679
Northern Sydney LHD,North Sydney,2015-2016,51.2,50.2,52.2,9278,4752
Northern Sydney LHD,North Sydney,2014-2015,49.5,48.5,50.6,9019,4468
Northern Sydney LHD,North Sydney,2012-2013,46.1,45.0,47.1,8753,4034
Northern Sydney LHD,Northern Sydney LHD,2013-2014,49.8,49.5,50.1,118081,58789
Northern Sydney LHD,Northern Sydney LHD,2015-2016,53.4,53.1,53.7,122335,65346
Northern Sydney LHD,Northern Sydney LHD,2016-2017,53.2,52.9,53.4,123929,65886
Northern Sydney LHD,Northern Sydney LHD,2011-2012,46.9,46.6,47.2,113328,53162
Northern Sydney LHD,Northern Sydney LHD,2014-2015,51.8,51.5,52.1,120189,62229
Northern Sydney LHD,Northern Sydney LHD,2012-2013,48.7,48.4,49.0,116001,56496
Northern Sydney LHD,Pittwater,2013-2014,48.9,47.9,49.8,10058,4915
Northern Sydney LHD,Pittwater,2011-2012,47.8,46.8,48.8,9494,4534
Northern Sydney LHD,Pittwater,2015-2016,54.0,53.0,54.9,10264,5541
Northern Sydney LHD,Pittwater,2016-2017,53.8,52.8,54.7,10349,5566
Northern Sydney LHD,Pittwater,2014-2015,50.5,49.6,51.5,10190,5151
Northern Sydney LHD,Pittwater,2012-2013,48.3,47.3,49.3,9802,4736
Northern Sydney LHD,Ryde,2016-2017,51.1,50.3,51.9,14862,7593
Northern Sydney LHD,Ryde,2013-2014,48.9,48.1,49.8,13896,6798
Northern Sydney LHD,Ryde,2011-2012,45.6,44.7,46.4,13390,6102
Northern Sydney LHD,Ryde,2015-2016,52.1,51.3,52.9,14560,7584
Northern Sydney LHD,Ryde,2014-2015,51.1,50.2,51.9,14219,7259
Northern Sydney LHD,Ryde,2012-2013,47.2,46.4,48.1,13618,6431
Northern Sydney LHD,Warringah,2013-2014,48.7,48.0,49.4,19243,9368
Northern Sydney LHD,Warringah,2011-2012,48.0,47.3,48.7,18562,8911
Northern Sydney LHD,Warringah,2015-2016,55.2,54.5,55.9,19763,10912
Northern Sydney LHD,Warringah,2016-2017,54.0,53.3,54.7,19946,10777
Northern Sydney LHD,Warringah,2014-2015,52.0,51.3,52.7,19502,10146
Northern Sydney LHD,Warringah,2012-2013,48.8,48.1,49.5,18959,9254
Northern Sydney LHD,Willoughby,2016-2017,52.5,51.5,53.5,9737,5116
Northern Sydney LHD,Willoughby,2013-2014,48.9,47.9,49.9,9147,4472
Northern Sydney LHD,Willoughby,2011-2012,46.9,45.8,47.9,8702,4081
Northern Sydney LHD,Willoughby,2015-2016,53.6,52.6,54.6,9541,5111
Northern Sydney LHD,Willoughby,2014-2015,52.1,51.1,53.1,9342,4869
Northern Sydney LHD,Willoughby,2012-2013,48.0,47.0,49.0,8947,4295
South Eastern Sydney LHD,Botany Bay,2016-2017,51.1,49.8,52.4,5687,2906
South Eastern Sydney LHD,Botany Bay,2013-2014,42.0,40.7,43.4,5420,2279
South Eastern Sydney LHD,Botany Bay,2011-2012,46.1,44.8,47.5,5148,2374
South Eastern Sydney LHD,Botany Bay,2015-2016,52.2,50.9,53.6,5589,2920
South Eastern Sydney LHD,Botany Bay,2014-2015,47.4,46.0,48.7,5521,2615
South Eastern Sydney LHD,Botany Bay,2012-2013,47.5,46.1,48.8,5268,2502
South Eastern Sydney LHD,Hurstville,2013-2014,46.3,45.4,47.2,11239,5201
South Eastern Sydney LHD,Hurstville,2011-2012,45.6,44.7,46.6,10675,4871
South Eastern Sydney LHD,Hurstville,2015-2016,52.1,51.2,53.1,11580,6038
South Eastern Sydney LHD,Hurstville,2014-2015,48.6,47.6,49.5,11425,5548
South Eastern Sydney LHD,Hurstville,2012-2013,47.5,46.5,48.4,10976,5211
South Eastern Sydney LHD,Hurstville,2016-2017,52.4,51.5,53.3,11751,6154
South Eastern Sydney LHD,Kogarah,2013-2014,46.8,45.7,47.9,8113,3795
South Eastern Sydney LHD,Kogarah,2011-2012,47.0,45.8,48.1,7674,3603
South Eastern Sydney LHD,Kogarah,2015-2016,52.9,51.8,54.0,8344,4414
South Eastern Sydney LHD,Kogarah,2016-2017,53.4,52.3,54.4,8438,4503
South Eastern Sydney LHD,Kogarah,2014-2015,48.7,47.6,49.8,8237,4013
South Eastern Sydney LHD,Kogarah,2012-2013,48.1,47.0,49.2,7940,3821
South Eastern Sydney LHD,Randwick,2013-2014,44.9,44.1,45.6,15968,7165
South Eastern Sydney LHD,Randwick,2011-2012,47.7,47.0,48.5,15353,7331
South Eastern Sydney LHD,Randwick,2016-2017,52.9,52.1,53.6,16789,8878
South Eastern Sydney LHD,Randwick,2015-2016,53.5,52.7,54.2,16536,8843
South Eastern Sydney LHD,Randwick,2014-2015,49.5,48.7,50.3,16250,8046
South Eastern Sydney LHD,Randwick,2012-2013,48.7,47.9,49.5,15683,7637
South Eastern Sydney LHD,Rockdale,2016-2017,50.3,49.5,51.1,14107,7096
South Eastern Sydney LHD,Rockdale,2013-2014,43.9,43.0,44.7,13136,5766
South Eastern Sydney LHD,Rockdale,2011-2012,44.6,43.7,45.4,12631,5630
South Eastern Sydney LHD,Rockdale,2015-2016,50.8,50.0,51.6,13767,6995
South Eastern Sydney LHD,Rockdale,2014-2015,45.8,45.0,46.7,13444,6162
South Eastern Sydney LHD,Rockdale,2012-2013,45.8,44.9,46.6,12865,5890
South Eastern Sydney LHD,South Eastern Sydney LHD,2011-2012,45.3,45.0,45.6,103655,46958
South Eastern Sydney LHD,South Eastern Sydney LHD,2013-2014,44.1,43.8,44.4,108375,47830
South Eastern Sydney LHD,South Eastern Sydney LHD,2015-2016,51.4,51.1,51.6,112090,57564
South Eastern Sydney LHD,South Eastern Sydney LHD,2016-2017,50.9,50.6,51.2,113837,57927
South Eastern Sydney LHD,South Eastern Sydney LHD,2014-2015,47.2,46.9,47.5,110305,52083
South Eastern Sydney LHD,South Eastern Sydney LHD,2012-2013,46.6,46.3,46.9,106121,49469
South Eastern Sydney LHD,Sutherland Shire,2013-2014,49.2,48.7,49.8,31643,15569
South Eastern Sydney LHD,Sutherland Shire,2011-2012,50.5,50.0,51.1,30242,15277
South Eastern Sydney LHD,Sutherland Shire,2016-2017,55.9,55.3,56.4,32841,18342
South Eastern Sydney LHD,Sutherland Shire,2015-2016,56.3,55.8,56.8,32469,18277
South Eastern Sydney LHD,Sutherland Shire,2014-2015,52.0,51.4,52.5,32103,16678
South Eastern Sydney LHD,Sutherland Shire,2012-2013,52.0,51.5,52.6,30981,16117
South Eastern Sydney LHD,Sydney,2016-2017,34.7,33.7,35.7,8659,3002
South Eastern Sydney LHD,Sydney,2013-2014,29.8,28.8,30.8,7739,2305
South Eastern Sydney LHD,Sydney,2011-2012,28.8,27.8,29.9,7291,2101
South Eastern Sydney LHD,Sydney,2015-2016,34.7,33.7,35.7,8362,2903
South Eastern Sydney LHD,Sydney,2014-2015,31.9,30.9,32.9,8039,2562
South Eastern Sydney LHD,Sydney,2012-2013,30.6,29.6,31.6,7493,2293
South Eastern Sydney LHD,Waverley,2016-2017,46.5,45.4,47.7,7389,3439
South Eastern Sydney LHD,Waverley,2013-2014,39.1,38.0,40.3,7096,2778
South Eastern Sydney LHD,Waverley,2011-2012,41.9,40.7,43.0,6874,2877
South Eastern Sydney LHD,Waverley,2015-2016,47.6,46.4,48.7,7283,3464
South Eastern Sydney LHD,Waverley,2014-2015,43.5,42.4,44.7,7194,3131
South Eastern Sydney LHD,Waverley,2012-2013,41.9,40.7,43.0,6980,2923
South Eastern Sydney LHD,Woollahra,2016-2017,43.8,42.7,44.9,8173,3580
South Eastern Sydney LHD,Woollahra,2013-2014,36.8,35.7,37.8,8018,2948
South Eastern Sydney LHD,Woollahra,2011-2012,37.0,35.9,38.0,7764,2869
South Eastern Sydney LHD,Woollahra,2015-2016,45.2,44.1,46.3,8157,3688
South Eastern Sydney LHD,Woollahra,2014-2015,41.0,39.9,42.0,8089,3314
South Eastern Sydney LHD,Woollahra,2012-2013,38.4,37.4,39.5,7932,3048
South Western Sydney LHD,Bankstown,2011-2012,39.8,39.1,40.4,22615,8996
South Western Sydney LHD,Bankstown,2013-2014,44.1,43.5,44.7,23654,10434
South Western Sydney LHD,Bankstown,2016-2017,46.3,45.7,46.9,25020,11580
South Western Sydney LHD,Bankstown,2015-2016,45.3,44.7,46.0,24618,11162
South Western Sydney LHD,Bankstown,2014-2015,44.7,44.0,45.3,24138,10780
South Western Sydney LHD,Bankstown,2012-2013,42.8,42.1,43.4,23161,9905
South Western Sydney LHD,Camden,2016-2017,42.9,41.9,43.9,9388,4023
South Western Sydney LHD,Camden,2011-2012,42.8,41.6,44.0,6467,2767
South Western Sydney LHD,Camden,2013-2014,42.5,41.4,43.6,7704,3274
South Western Sydney LHD,Camden,2015-2016,42.1,41.0,43.1,8718,3668
South Western Sydney LHD,Camden,2014-2015,40.9,39.8,42.0,8266,3381
South Western Sydney LHD,Camden,2012-2013,45.5,44.4,46.7,6952,3166
South Western Sydney LHD,Campbelltown,2011-2012,38.6,38.0,39.3,19174,7410
South Western Sydney LHD,Campbelltown,2013-2014,39.6,39.0,40.3,20768,8228
South Western Sydney LHD,Campbelltown,2015-2016,43.7,43.0,44.3,21647,9453
South Western Sydney LHD,Campbelltown,2016-2017,43.2,42.6,43.9,22200,9591
South Western Sydney LHD,Campbelltown,2014-2015,41.9,41.2,42.5,21291,8912
South Western Sydney LHD,Campbelltown,2012-2013,42.2,41.5,42.9,19921,8404
South Western Sydney LHD,Fairfield,2011-2012,41.3,40.7,41.9,25117,10375
South Western Sydney LHD,Fairfield,2013-2014,43.4,42.8,44.0,26751,11604
South Western Sydney LHD,Fairfield,2015-2016,46.5,46.0,47.1,27397,12753
South Western Sydney LHD,Fairfield,2016-2017,47.7,47.1,48.3,27878,13295
South Western Sydney LHD,Fairfield,2014-2015,45.3,44.7,45.9,27174,12305
South Western Sydney LHD,Fairfield,2012-2013,44.3,43.7,44.9,25888,11479
South Western Sydney LHD,Liverpool,2016-2017,42.8,42.2,43.4,24254,10384
South Western Sydney LHD,Liverpool,2011-2012,35.7,35.0,36.3,20327,7254
South Western Sydney LHD,Liverpool,2013-2014,39.6,38.9,40.2,21998,8702
South Western Sydney LHD,Liverpool,2015-2016,41.9,41.3,42.5,23449,9825
South Western Sydney LHD,Liverpool,2014-2015,40.3,39.7,40.9,22758,9170
South Western Sydney LHD,Liverpool,2012-2013,39.4,38.7,40.1,21096,8313
South Western Sydney LHD,South Western Sydney LHD,2011-2012,40.5,40.2,40.8,107497,43580
South Western Sydney LHD,South Western Sydney LHD,2013-2014,42.6,42.3,42.9,115467,49164
South Western Sydney LHD,South Western Sydney LHD,2015-2016,45.5,45.2,45.7,121029,55017
South Western Sydney LHD,South Western Sydney LHD,2014-2015,43.8,43.6,44.1,118541,51969
South Western Sydney LHD,South Western Sydney LHD,2012-2013,43.5,43.2,43.8,111233,48415
South Western Sydney LHD,South Western Sydney LHD,2016-2017,46.0,45.7,46.3,124178,57129
South Western Sydney LHD,Wingecarribee,2016-2017,56.0,54.9,57.0,8951,5010
South Western Sydney LHD,Wingecarribee,2011-2012,51.2,50.1,52.2,8087,4137
South Western Sydney LHD,Wingecarribee,2013-2014,50.2,49.1,51.3,8515,4275
South Western Sydney LHD,Wingecarribee,2015-2016,56.0,55.0,57.1,8829,4946
South Western Sydney LHD,Wingecarribee,2014-2015,52.6,51.6,53.7,8686,4573
South Western Sydney LHD,Wingecarribee,2012-2013,51.0,50.0,52.1,8305,4238
South Western Sydney LHD,Wollondilly,2011-2012,46.3,45.0,47.5,5710,2641
South Western Sydney LHD,Wollondilly,2013-2014,43.6,42.3,44.8,6077,2647
South Western Sydney LHD,Wollondilly,2016-2017,50.0,48.8,51.3,6487,3246
South Western Sydney LHD,Wollondilly,2015-2016,50.4,49.2,51.6,6371,3210
South Western Sydney LHD,Wollondilly,2014-2015,45.7,44.5,47.0,6228,2848
South Western Sydney LHD,Wollondilly,2012-2013,49.2,48.0,50.5,5910,2910
Southern NSW LHD,Bega Valley,2015-2016,59.3,58.2,60.5,6860,4070
Southern NSW LHD,Bega Valley,2013-2014,50.6,49.4,51.8,6652,3363
Southern NSW LHD,Bega Valley,2016-2017,63.2,62.0,64.3,6946,4388
Southern NSW LHD,Bega Valley,2014-2015,52.6,51.4,53.8,6761,3557
Southern NSW LHD,Bega Valley,2012-2013,49.5,48.3,50.7,6524,3229
Southern NSW LHD,Bega Valley,2011-2012,36.9,35.7,38.1,6349,2345
Southern NSW LHD,Bombala,2016-2017,71.6,67.3,75.9,419,300
Southern NSW LHD,Bombala,2013-2014,54.5,49.6,59.4,400,218
Southern NSW LHD,Bombala,2015-2016,69.9,65.5,74.3,419,293
Southern NSW LHD,Bombala,2014-2015,58.8,54.0,63.6,408,240
Southern NSW LHD,Bombala,2012-2013,59.8,55.0,64.6,403,241
Southern NSW LHD,Bombala,2011-2012,37.6,32.9,42.3,404,152
Southern NSW LHD,Cooma-Monaro,2013-2014,49.0,46.6,51.4,1658,812
Southern NSW LHD,Cooma-Monaro,2015-2016,57.9,55.6,60.3,1686,977
Southern NSW LHD,Cooma-Monaro,2016-2017,58.1,55.8,60.5,1697,986
Southern NSW LHD,Cooma-Monaro,2011-2012,33.4,31.1,35.7,1605,536
Southern NSW LHD,Cooma-Monaro,2014-2015,54.8,52.4,57.2,1672,916
Southern NSW LHD,Cooma-Monaro,2012-2013,45.8,43.4,48.2,1644,753
Southern NSW LHD,Eurobodalla,2016-2017,61.8,60.8,62.9,8127,5025
Southern NSW LHD,Eurobodalla,2013-2014,48.0,46.9,49.2,7713,3706
Southern NSW LHD,Eurobodalla,2015-2016,58.0,57.0,59.1,8003,4645
Southern NSW LHD,Eurobodalla,2014-2015,53.4,52.3,54.5,7871,4200
Southern NSW LHD,Eurobodalla,2012-2013,53.9,52.8,55.1,7526,4059
Southern NSW LHD,Eurobodalla,2011-2012,39.8,38.6,40.9,7338,2917
Southern NSW LHD,Goulburn Mulwaree,2013-2014,49.5,48.1,51.0,4400,2180
Southern NSW LHD,Goulburn Mulwaree,2016-2017,55.8,54.3,57.2,4651,2594
Southern NSW LHD,Goulburn Mulwaree,2015-2016,56.9,55.4,58.3,4601,2616
Southern NSW LHD,Goulburn Mulwaree,2014-2015,56.4,54.9,57.8,4498,2535
Southern NSW LHD,Goulburn Mulwaree,2012-2013,51.7,50.2,53.2,4322,2235
Southern NSW LHD,Goulburn Mulwaree,2011-2012,49.3,47.8,50.8,4213,2077
Southern NSW LHD,Palerang,2016-2017,54.3,52.4,56.2,2561,1391
Southern NSW LHD,Palerang,2013-2014,44.8,42.8,46.8,2435,1091
Southern NSW LHD,Palerang,2015-2016,54.5,52.5,56.4,2509,1367
Southern NSW LHD,Palerang,2011-2012,33.0,31.0,34.9,2218,731
Southern NSW LHD,Palerang,2014-2015,48.8,46.8,50.8,2482,1211
Southern NSW LHD,Palerang,2012-2013,43.7,41.7,45.7,2338,1022
Southern NSW LHD,Queanbeyan,2013-2014,50.7,49.3,52.1,4741,2404
Southern NSW LHD,Queanbeyan,2015-2016,58.8,57.4,60.1,5143,3022
Southern NSW LHD,Queanbeyan,2016-2017,58.5,57.1,59.8,5322,3111
Southern NSW LHD,Queanbeyan,2014-2015,54.9,53.5,56.3,4925,2703
Southern NSW LHD,Queanbeyan,2012-2013,49.9,48.4,51.3,4633,2310
Southern NSW LHD,Queanbeyan,2011-2012,37.6,36.2,39.0,4525,1701
Southern NSW LHD,Snowy River,2013-2014,40.1,37.1,43.1,1045,419
Southern NSW LHD,Snowy River,2015-2016,53.6,50.6,56.5,1124,602
Southern NSW LHD,Snowy River,2016-2017,52.7,49.9,55.6,1153,608
Southern NSW LHD,Snowy River,2014-2015,44.6,41.7,47.6,1084,484
Southern NSW LHD,Snowy River,2012-2013,44.2,41.2,47.3,1008,446
Southern NSW LHD,Snowy River,2011-2012,36.2,33.1,39.2,962,348
Southern NSW LHD,Southern NSW LHD,2013-2014,48.9,48.3,49.4,32703,15984
Southern NSW LHD,Southern NSW LHD,2016-2017,59.1,58.6,59.7,34792,20575
Southern NSW LHD,Southern NSW LHD,2015-2016,57.8,57.2,58.3,34178,19742
Southern NSW LHD,Southern NSW LHD,2014-2015,53.4,52.8,53.9,33446,17848
Southern NSW LHD,Southern NSW LHD,2012-2013,50.5,49.9,51.0,31980,16135
Southern NSW LHD,Southern NSW LHD,2011-2012,39.6,39.0,40.1,31103,12304
Southern NSW LHD,Upper Lachlan Shire,2013-2014,53.4,50.7,56.2,1267,677
Southern NSW LHD,Upper Lachlan Shire,2015-2016,65.4,62.8,67.9,1337,874
Southern NSW LHD,Upper Lachlan Shire,2016-2017,62.6,60.0,65.2,1358,850
Southern NSW LHD,Upper Lachlan Shire,2014-2015,61.0,58.3,63.6,1301,793
Southern NSW LHD,Upper Lachlan Shire,2012-2013,59.0,56.3,61.7,1251,738
Southern NSW LHD,Upper Lachlan Shire,2011-2012,52.8,50.0,55.6,1246,658
Southern NSW LHD,Yass Valley,2016-2017,51.7,49.7,53.6,2558,1322
Southern NSW LHD,Yass Valley,2013-2014,46.6,44.6,48.6,2392,1114
Southern NSW LHD,Yass Valley,2015-2016,51.1,49.2,53.1,2496,1276
Southern NSW LHD,Yass Valley,2014-2015,49.5,47.5,51.5,2444,1209
Southern NSW LHD,Yass Valley,2012-2013,47.3,45.2,49.3,2331,1102
Southern NSW LHD,Yass Valley,2011-2012,37.4,35.4,39.4,2243,839
Sydney LHD,Ashfield,2016-2017,49.6,48.3,50.9,5461,2709
Sydney LHD,Ashfield,2013-2014,46.5,45.2,47.9,5158,2401
Sydney LHD,Ashfield,2015-2016,48.7,47.4,50.1,5393,2628
Sydney LHD,Ashfield,2014-2015,48.2,46.9,49.6,5255,2534
Sydney LHD,Ashfield,2012-2013,42.1,40.7,43.4,5142,2163
Sydney LHD,Ashfield,2011-2012,40.2,38.9,41.6,5069,2039
Sydney LHD,Burwood,2016-2017,48.2,46.8,49.7,4568,2204
Sydney LHD,Burwood,2013-2014,47.4,45.9,48.9,4236,2007
Sydney LHD,Burwood,2015-2016,49.4,47.9,50.8,4467,2205
Sydney LHD,Burwood,2014-2015,48.9,47.4,50.3,4352,2126
Sydney LHD,Burwood,2012-2013,42.7,41.2,44.2,4130,1762
Sydney LHD,Burwood,2011-2012,42.0,40.5,43.6,4056,1705
Sydney LHD,Canada Bay,2016-2017,51.4,50.5,52.4,11728,6034
Sydney LHD,Canada Bay,2013-2014,48.3,47.3,49.2,10629,5133
Sydney LHD,Canada Bay,2015-2016,51.1,50.2,52.0,11421,5837
Sydney LHD,Canada Bay,2014-2015,50.2,49.2,51.1,10998,5517
Sydney LHD,Canada Bay,2012-2013,44.1,43.2,45.1,10384,4581
Sydney LHD,Canada Bay,2011-2012,42.9,41.9,43.8,10114,4335
Sydney LHD,Canterbury,2013-2014,39.9,39.2,40.7,18058,7212
Sydney LHD,Canterbury,2015-2016,45.7,45.0,46.4,18563,8487
Sydney LHD,Canterbury,2016-2017,46.5,45.8,47.2,18807,8739
Sydney LHD,Canterbury,2014-2015,43.0,42.3,43.7,18327,7882
Sydney LHD,Canterbury,2012-2013,38.8,38.1,39.5,17685,6859
Sydney LHD,Canterbury,2011-2012,37.4,36.7,38.2,17262,6461
Sydney LHD,Leichhardt,2013-2014,52.8,51.6,53.9,7118,3755
Sydney LHD,Leichhardt,2015-2016,56.4,55.3,57.5,7538,4251
Sydney LHD,Leichhardt,2014-2015,55.4,54.2,56.5,7300,4041
Sydney LHD,Leichhardt,2012-2013,48.4,47.3,49.6,7051,3416
Sydney LHD,Leichhardt,2011-2012,45.7,44.5,46.9,6872,3139
Sydney LHD,Leichhardt,2016-2017,56.4,55.3,57.5,7635,4304
Sydney LHD,Marrickville,2013-2014,44.4,43.4,45.4,8909,3954
Sydney LHD,Marrickville,2016-2017,50.1,49.1,51.2,9332,4679
Sydney LHD,Marrickville,2015-2016,49.2,48.1,50.2,9240,4543
Sydney LHD,Marrickville,2014-2015,47.8,46.8,48.8,9053,4329
Sydney LHD,Marrickville,2012-2013,40.9,39.9,42.0,8819,3610
Sydney LHD,Marrickville,2011-2012,39.2,38.1,40.2,8559,3352
Sydney LHD,Strathfield,2016-2017,46.4,45.0,47.9,4697,2181
Sydney LHD,Strathfield,2013-2014,43.5,42.0,45.0,4247,1849
Sydney LHD,Strathfield,2015-2016,46.5,45.0,47.9,4549,2115
Sydney LHD,Strathfield,2014-2015,45.1,43.7,46.6,4389,1981
Sydney LHD,Strathfield,2012-2013,38.1,36.6,39.6,4144,1578
Sydney LHD,Strathfield,2011-2012,38.0,36.5,39.5,4095,1556
Sydney LHD,Sydney,2013-2014,48.0,47.0,49.1,8383,4028
Sydney LHD,Sydney,2015-2016,53.9,52.9,55.0,9059,4887
Sydney LHD,Sydney,2016-2017,54.2,53.2,55.2,9380,5084
Sydney LHD,Sydney,2014-2015,50.8,49.8,51.9,8709,4426
Sydney LHD,Sydney,2012-2013,46.6,45.5,47.7,8117,3785
Sydney LHD,Sydney,2011-2012,43.5,42.4,44.6,7899,3436
Sydney LHD,Sydney LHD,2016-2017,50.2,49.8,50.5,71608,35934
Sydney LHD,Sydney LHD,2013-2014,45.5,45.1,45.8,66738,30339
Sydney LHD,Sydney LHD,2015-2016,49.8,49.4,50.1,70230,34953
Sydney LHD,Sydney LHD,2014-2015,48.0,47.6,48.4,68383,32836
Sydney LHD,Sydney LHD,2012-2013,42.4,42.0,42.8,65472,27754
Sydney LHD,Sydney LHD,2011-2012,40.7,40.3,41.1,63926,26023
Western NSW LHD,Bathurst Regional,2013-2014,42.9,41.6,44.3,5404,2321
Western NSW LHD,Bathurst Regional,2015-2016,46.7,45.4,48.0,5681,2655
Western NSW LHD,Bathurst Regional,2016-2017,44.6,43.3,45.8,5815,2591
Western NSW LHD,Bathurst Regional,2014-2015,45.0,43.7,46.3,5547,2494
Western NSW LHD,Bathurst Regional,2012-2013,42.5,41.1,43.8,5255,2231
Western NSW LHD,Bathurst Regional,2011-2012,40.9,39.5,42.2,5098,2083
Western NSW LHD,Blayney,2016-2017,61.5,58.6,64.5,1047,644
Western NSW LHD,Blayney,2013-2014,54.4,51.3,57.4,1045,568
Western NSW LHD,Blayney,2015-2016,58.6,55.6,61.6,1042,611
Western NSW LHD,Blayney,2014-2015,55.6,52.6,58.6,1048,583
Western NSW LHD,Blayney,2012-2013,54.1,51.0,57.1,1021,552
Western NSW LHD,Blayney,2011-2012,50.1,47.1,53.2,1001,502
Western NSW LHD,Bogan,2013-2014,57.4,52.5,62.2,401,230
Western NSW LHD,Bogan,2016-2017,56.9,52.1,61.7,406,231
Western NSW LHD,Bogan,2015-2016,57.8,53.0,62.6,405,234
Western NSW LHD,Bogan,2014-2015,56.8,52.0,61.7,403,229
Western NSW LHD,Bogan,2012-2013,55.4,50.5,60.2,401,222
Western NSW LHD,Bogan,2011-2012,56.2,51.4,61.1,402,226
Western NSW LHD,Bourke,2016-2017,40.0,35.1,44.9,385,154
Western NSW LHD,Bourke,2013-2014,43.5,38.3,48.8,340,148
Western NSW LHD,Bourke,2015-2016,42.4,37.3,47.4,368,156
Western NSW LHD,Bourke,2014-2015,41.2,36.1,46.4,354,146
Western NSW LHD,Bourke,2012-2013,45.0,39.7,50.4,331,149
Western NSW LHD,Bourke,2011-2012,43.9,38.5,49.3,326,143
Western NSW LHD,Brewarrina,2016-2017,40.0,34.0,46.0,255,102
Western NSW LHD,Brewarrina,2013-2014,42.3,35.8,48.8,222,94
Western NSW LHD,Brewarrina,2015-2016,43.2,37.0,49.4,243,105
Western NSW LHD,Brewarrina,2014-2015,41.2,34.9,47.5,233,96
Western NSW LHD,Brewarrina,2012-2013,41.0,34.4,47.7,212,87
Western NSW LHD,Brewarrina,2011-2012,43.6,36.7,50.4,202,88
Western NSW LHD,Cabonne,2016-2017,58.3,56.3,60.4,2182,1273
Western NSW LHD,Cabonne,2013-2014,55.8,53.7,57.9,2088,1165
Western NSW LHD,Cabonne,2015-2016,57.7,55.6,59.8,2147,1239
Western NSW LHD,Cabonne,2014-2015,58.7,56.6,60.8,2123,1246
Western NSW LHD,Cabonne,2012-2013,54.6,52.5,56.8,2034,1111
Western NSW LHD,Cabonne,2011-2012,52.7,50.5,54.9,1979,1043
Western NSW LHD,Cobar,2013-2014,55.3,51.3,59.3,593,328
Western NSW LHD,Cobar,2015-2016,57.3,53.2,61.4,567,325
Western NSW LHD,Cobar,2016-2017,58.0,53.9,62.1,564,327
Western NSW LHD,Cobar,2014-2015,54.5,50.5,58.5,587,320
Western NSW LHD,Cobar,2012-2013,56.4,52.3,60.5,571,322
Western NSW LHD,Cobar,2011-2012,58.7,54.6,62.8,552,324
Western NSW LHD,Coonamble,2016-2017,52.0,48.0,56.0,602,313
Western NSW LHD,Coonamble,2013-2014,53.7,49.7,57.8,590,317
Western NSW LHD,Coonamble,2015-2016,52.8,48.8,56.8,600,317
Western NSW LHD,Coonamble,2014-2015,53.4,49.4,57.4,594,317
Western NSW LHD,Coonamble,2012-2013,53.6,49.5,57.6,590,316
Western NSW LHD,Coonamble,2011-2012,54.5,50.5,58.5,589,321
Western NSW LHD,Cowra,2016-2017,61.1,59.0,63.2,2071,1266
Western NSW LHD,Cowra,2013-2014,53.1,51.0,55.3,2064,1097
Western NSW LHD,Cowra,2015-2016,58.1,56.0,60.2,2072,1204
Western NSW LHD,Cowra,2014-2015,58.4,56.3,60.5,2066,1207
Western NSW LHD,Cowra,2012-2013,52.1,49.9,54.2,2068,1077
Western NSW LHD,Cowra,2011-2012,50.6,48.5,52.8,2083,1055
Western NSW LHD,Dubbo,2016-2017,54.2,52.9,55.4,5888,3189
Western NSW LHD,Dubbo,2013-2014,54.6,53.3,55.9,5546,3028
Western NSW LHD,Dubbo,2015-2016,55.3,54.0,56.6,5776,3195
Western NSW LHD,Dubbo,2014-2015,55.7,54.4,57.0,5661,3151
Western NSW LHD,Dubbo,2012-2013,52.1,50.7,53.4,5435,2830
Western NSW LHD,Dubbo,2011-2012,51.7,50.3,53.0,5320,2749
Western NSW LHD,Forbes,2013-2014,59.7,57.2,62.3,1438,859
Western NSW LHD,Forbes,2015-2016,62.4,59.9,64.9,1435,895
Western NSW LHD,Forbes,2016-2017,62.1,59.5,64.6,1426,885
Western NSW LHD,Forbes,2014-2015,63.7,61.2,66.2,1439,917
Western NSW LHD,Forbes,2012-2013,60.4,57.8,62.9,1428,862
Western NSW LHD,Forbes,2011-2012,58.2,55.6,60.7,1408,819
Western NSW LHD,Gilgandra,2013-2014,52.3,48.7,55.9,738,386
Western NSW LHD,Gilgandra,2015-2016,51.0,47.4,54.6,741,378
Western NSW LHD,Gilgandra,2016-2017,51.5,47.9,55.1,734,378
Western NSW LHD,Gilgandra,2014-2015,53.0,49.4,56.6,739,392
Western NSW LHD,Gilgandra,2012-2013,52.2,48.6,55.8,741,387
Western NSW LHD,Gilgandra,2011-2012,52.8,49.2,56.4,742,392
Western NSW LHD,Lachlan,2013-2014,75.1,71.7,78.4,642,482
Western NSW LHD,Lachlan,2015-2016,72.9,69.5,76.3,649,473
Western NSW LHD,Lachlan,2016-2017,79.6,76.5,82.7,653,520
Western NSW LHD,Lachlan,2014-2015,73.1,69.7,76.6,644,471
Western NSW LHD,Lachlan,2012-2013,73.7,70.3,77.1,650,479
Western NSW LHD,Lachlan,2011-2012,73.3,69.9,76.7,659,483
Western NSW LHD,Mid-Western Regional,2013-2014,53.4,51.8,55.0,3578,1911
Western NSW LHD,Mid-Western Regional,2015-2016,55.4,53.8,57.0,3646,2021
Western NSW LHD,Mid-Western Regional,2014-2015,51.9,50.3,53.5,3620,1879
Western NSW LHD,Mid-Western Regional,2012-2013,54.0,52.4,55.7,3507,1895
Western NSW LHD,Mid-Western Regional,2011-2012,51.8,50.1,53.5,3423,1773
Western NSW LHD,Mid-Western Regional,2016-2017,56.5,54.9,58.1,3682,2082
Western NSW LHD,Narromine,2013-2014,49.6,46.5,52.7,998,495
Western NSW LHD,Narromine,2016-2017,51.7,48.6,54.7,1026,530
Western NSW LHD,Narromine,2015-2016,53.7,50.7,56.8,1018,547
Western NSW LHD,Narromine,2014-2015,53.2,50.1,56.3,1009,537
Western NSW LHD,Narromine,2012-2013,51.4,48.3,54.5,986,507
Western NSW LHD,Narromine,2011-2012,49.0,45.8,52.1,976,478
Western NSW LHD,Oberon,2013-2014,49.6,46.3,53.0,852,423
Western NSW LHD,Oberon,2015-2016,53.4,50.1,56.7,886,473
Western NSW LHD,Oberon,2014-2015,52.9,49.6,56.2,868,459
Western NSW LHD,Oberon,2012-2013,50.7,47.3,54.1,844,428
Western NSW LHD,Oberon,2011-2012,45.8,42.4,49.2,825,378
Western NSW LHD,Oberon,2016-2017,53.6,50.4,56.9,891,478
Western NSW LHD,Orange,2013-2014,57.7,56.4,59.0,5231,3018
Western NSW LHD,Orange,2015-2016,57.7,56.3,59.0,5435,3134
Western NSW LHD,Orange,2016-2017,57.7,56.4,59.0,5528,3191
Western NSW LHD,Orange,2014-2015,57.6,56.3,58.9,5333,3073
Western NSW LHD,Orange,2012-2013,54.7,53.4,56.1,5130,2807
Western NSW LHD,Orange,2011-2012,51.3,49.9,52.7,5006,2567
Western NSW LHD,Parkes,2013-2014,58.2,56.1,60.3,2065,1202
Western NSW LHD,Parkes,2015-2016,62.6,60.6,64.7,2119,1327
Western NSW LHD,Parkes,2014-2015,61.8,59.8,63.9,2091,1293
Western NSW LHD,Parkes,2012-2013,59.7,57.6,61.8,2050,1224
Western NSW LHD,Parkes,2011-2012,54.8,52.7,57.0,2041,1119
Western NSW LHD,Parkes,2016-2017,62.9,60.9,65.0,2140,1347
Western NSW LHD,Walgett,2013-2014,45.9,42.7,49.1,926,425
Western NSW LHD,Walgett,2015-2016,43.7,40.6,46.8,961,420
Western NSW LHD,Walgett,2014-2015,45.1,41.9,48.2,943,425
Western NSW LHD,Walgett,2016-2017,43.6,40.5,46.8,967,422
Western NSW LHD,Walgett,2012-2013,44.8,41.6,48.0,918,411
Western NSW LHD,Walgett,2011-2012,45.5,42.3,48.8,905,412
Western NSW LHD,Warren,2013-2014,60.8,56.1,65.5,411,250
Western NSW LHD,Warren,2015-2016,58.6,53.8,63.4,408,239
Western NSW LHD,Warren,2014-2015,60.0,55.3,64.7,410,246
Western NSW LHD,Warren,2012-2013,56.7,51.9,61.5,409,232
Western NSW LHD,Warren,2011-2012,57.2,52.4,62.0,404,231
Western NSW LHD,Warren,2016-2017,59.4,54.6,64.1,406,241
Western NSW LHD,Warrumbungle Shire,2015-2016,59.9,57.5,62.3,1605,961
Western NSW LHD,Warrumbungle Shire,2014-2015,56.0,53.6,58.4,1648,923
Western NSW LHD,Warrumbungle Shire,2012-2013,54.4,52.0,56.8,1650,898
Western NSW LHD,Warrumbungle Shire,2011-2012,54.3,51.9,56.7,1622,881
Western NSW LHD,Warrumbungle Shire,2016-2017,62.2,59.9,64.6,1576,981
Western NSW LHD,Warrumbungle Shire,2013-2014,55.9,53.5,58.3,1670,934
Western NSW LHD,Weddin,2015-2016,64.9,61.1,68.6,626,406
Western NSW LHD,Weddin,2014-2015,63.3,59.6,67.1,635,402
Western NSW LHD,Weddin,2012-2013,57.0,53.2,60.9,640,365
Western NSW LHD,Weddin,2011-2012,55.2,51.3,59.0,631,348
Western NSW LHD,Weddin,2016-2017,68.0,64.3,71.7,612,416
Western NSW LHD,Weddin,2013-2014,56.7,52.9,60.6,640,363
Western NSW LHD,Wellington,2015-2016,53.0,50.3,55.7,1298,688
Western NSW LHD,Wellington,2016-2017,54.6,51.9,57.3,1286,702
Western NSW LHD,Wellington,2014-2015,50.8,48.1,53.5,1318,670
Western NSW LHD,Wellington,2012-2013,47.3,44.6,50.0,1314,621
Western NSW LHD,Wellington,2011-2012,46.5,43.8,49.2,1298,604
Western NSW LHD,Wellington,2013-2014,49.2,46.5,51.9,1328,653
Western NSW LHD,Western NSW LHD,2015-2016,55.4,54.9,55.9,39728,22003
Western NSW LHD,Western NSW LHD,2014-2015,54.6,54.1,55.1,39313,21476
Western NSW LHD,Western NSW LHD,2012-2013,52.4,51.9,52.9,38185,20013
Western NSW LHD,Western NSW LHD,2011-2012,50.7,50.2,51.2,37492,19019
Western NSW LHD,Western NSW LHD,2016-2017,55.5,55.0,55.9,40142,22263
Western NSW LHD,Western NSW LHD,2013-2014,53.3,52.8,53.8,38810,20697
Western Sydney LHD,Auburn,2015-2016,44.5,43.5,45.6,8974,3997
Western Sydney LHD,Auburn,2014-2015,41.8,40.7,42.8,8694,3631
Western Sydney LHD,Auburn,2012-2013,39.6,38.5,40.7,7953,3151
Western Sydney LHD,Auburn,2011-2012,37.7,36.6,38.7,7638,2876
Western Sydney LHD,Auburn,2016-2017,45.3,44.3,46.4,9315,4224
Western Sydney LHD,Auburn,2013-2014,42.5,41.4,43.5,8366,3552
Western Sydney LHD,Blacktown,2015-2016,45.7,45.2,46.2,38607,17655
Western Sydney LHD,Blacktown,2014-2015,43.2,42.7,43.7,37739,16314
Western Sydney LHD,Blacktown,2012-2013,40.4,39.9,40.9,35145,14208
Western Sydney LHD,Blacktown,2011-2012,38.2,37.6,38.7,33912,12939
Western Sydney LHD,Blacktown,2016-2017,46.3,45.8,46.8,39730,18404
Western Sydney LHD,Blacktown,2013-2014,42.6,42.1,43.1,36656,15627
Western Sydney LHD,Holroyd,2015-2016,47.1,46.2,47.9,12700,5977
Western Sydney LHD,Holroyd,2014-2015,45.1,44.2,46.0,12411,5597
Western Sydney LHD,Holroyd,2012-2013,43.5,42.6,44.4,11901,5181
Western Sydney LHD,Holroyd,2011-2012,41.2,40.3,42.1,11718,4826
Western Sydney LHD,Holroyd,2016-2017,47.1,46.3,48.0,12923,6090
Western Sydney LHD,Holroyd,2013-2014,44.2,43.3,45.1,12134,5361
Western Sydney LHD,Parramatta,2015-2016,46.3,45.6,46.9,20870,9653
Western Sydney LHD,Parramatta,2014-2015,44.4,43.7,45.0,20328,9018
Western Sydney LHD,Parramatta,2012-2013,41.8,41.1,42.5,19222,8037
Western Sydney LHD,Parramatta,2011-2012,39.3,38.6,40.0,18797,7392
Western Sydney LHD,Parramatta,2016-2017,46.6,45.9,47.2,21337,9935
Western Sydney LHD,Parramatta,2013-2014,43.8,43.1,44.5,19772,8667
Western Sydney LHD,The Hills Shire,2015-2016,51.7,51.2,52.3,27590,14276
Western Sydney LHD,The Hills Shire,2014-2015,50.8,50.2,51.4,26777,13610
Western Sydney LHD,The Hills Shire,2012-2013,48.3,47.7,48.9,25401,12264
Western Sydney LHD,The Hills Shire,2011-2012,47.4,46.8,48.0,24618,11674
Western Sydney LHD,The Hills Shire,2016-2017,52.0,51.4,52.6,28227,14669
Western Sydney LHD,The Hills Shire,2013-2014,50.3,49.7,50.9,26026,13101
Western Sydney LHD,Western Sydney LHD,2015-2016,47.4,47.1,47.7,108741,51558
Western Sydney LHD,Western Sydney LHD,2011-2012,41.1,40.8,41.4,96683,39707
Western Sydney LHD,Western Sydney LHD,2012-2013,43.0,42.7,43.3,99622,42841
Western Sydney LHD,Western Sydney LHD,2014-2015,45.5,45.2,45.8,105949,48170
Western Sydney LHD,Western Sydney LHD,2013-2014,45.0,44.7,45.3,102954,46308
Western Sydney LHD,Western Sydney LHD,2016-2017,47.8,47.5,48.1,111532,53322
